{"testing": {"loss": 0.015637893229722977, "mean_absolute_error": 0.0947226956486702}, "training": {"loss": [0.018069125711917877, 0.006446334067732096, 0.005839949008077383, 0.005539335310459137, 0.00533286714926362], "mean_absolute_error": [0.08480315655469894, 0.059416040778160095, 0.056128669530153275, 0.0543040856719017, 0.05298521742224693], "val_loss": [0.017415961250662804, 0.014711976051330566, 0.01338900625705719, 0.012465708889067173, 0.011432228609919548], "val_mean_absolute_error": [0.10133549571037292, 0.0920863226056099, 0.08761228621006012, 0.08427637815475464, 0.08026780188083649]}}